{
  "name": "whatsapp-manager",
  "version": "1.0.0",
  "description": "WhatsApp Manager Application",
  "main": "server.js",
  "scripts": {
    "dev": "next dev",
    "build": "next build",
    "start": "node server.js",
    "lint": "next lint",
    "test": "jest",
    "test:watch": "jest --watch",
    "setup": "node scripts/setup.js",
    "diagnose": "node scripts/diagnose.js",
    "init-db": "node scripts/init-database.js",
    "logs": "pm2 logs",
    "restart": "pm2 restart all",
    "stop": "pm2 stop all"
  },
  "dependencies": {
    "next": "^14.0.0",
    "react": "^18.0.0",
    "react-dom": "^18.0.0",
    "express-rate-limit": "^7.1.5",
    "helmet": "^7.1.0",
    "compression": "^1.7.4",
    "dotenv": "^16.3.1",
    "ws": "^8.14.2",
    "jsonwebtoken": "^9.0.2",
    "bcryptjs": "^2.4.3",
    "sqlite3": "^5.1.6",
    "whatsapp-web.js": "^1.23.0",
    "puppeteer": "^21.5.2",
    "qrcode": "^1.5.3",
    "multer": "^1.4.5-lts.1",
    "cors": "^2.8.5",
    "express": "^4.18.2"
  },
  "devDependencies": {
    "@types/node": "^20.0.0",
    "@types/react": "^18.0.0",
    "@types/react-dom": "^18.0.0",
    "@types/ws": "^8.5.8",
    "@types/jsonwebtoken": "^9.0.5",
    "@types/bcryptjs": "^2.4.6",
    "@types/multer": "^1.4.11",
    "@types/cors": "^2.8.17",
    "typescript": "^5.0.0",
    "eslint": "^8.0.0",
    "eslint-config-next": "^14.0.0",
    "jest": "^29.7.0",
    "@testing-library/react": "^13.4.0",
    "@testing-library/jest-dom": "^6.1.4"
  },
  "engines": {
    "node": ">=18.17.0",
    "npm": ">=9.0.0"
  }
}
